{"uuid": "807206571", "Country": "Australia", "Item Type": "Clothes", "Sales Channel": "Offline", "Order Priority": "C", "Order Date": "11/24/12", "Region": "Australia and Oceania", "Ship Date": "12/30/12", "Units Sold": "9217", "Unit Price": "109.28", "Unit Cost": "35.84", "Total Revenue": "1007233.76", "Total Cost": "330337.28", "Total Profit": "676896.48"}
{"uuid": "693038451", "Country": "Tuvalu", "Item Type": "Clothes", "Sales Channel": "Offline", "Order Priority": "H", "Order Date": "12/30/10", "Region": "Australia and Oceania", "Ship Date": "1/11/11", "Units Sold": "4333", "Unit Price": "109.28", "Unit Cost": "35.84", "Total Revenue": "473510.24", "Total Cost": "155294.72", "Total Profit": "318215.52"} 